pet_id,species,breed,age_months,weight_kg,formula,batch_id,trial_date,lab_technician,notes,palatability_score,time_to_first_bite,consumed_amount_grams,formula_label,weight_z,bite_speed
DOG-246,Dog,Poodle,120,26.1,B,B2024-012,2024-09-24,Dr. Patel,NA,6.1,26.2,71.9,New Protein,1.1274321271673002,Slow
DOG-058,Dog,Poodle,79,NA,A,B2024-011,2024-10-20,Dr. Smith,NA,6.5,18,66.6,Control,NA,Medium
CAT-092,Cat,Maine Coon,97,6.6,A,B2024-002,2024-01-10,Dr. Smith,NA,4.9,11.7,52.1,Control,-0.6050018197855429,Medium
CAT-160,Cat,British Shorthair,23,5.8,B,B2024-009,2024-07-24,Dr. Smith,NA,5.5,23.6,28.8,New Protein,-0.6760760329938647,Medium
CAT-159,Cat,Bengal,56,4.8,A,B2024-008,2024-12-07,Dr. Chen,NA,6.6,7.6,50.9,Control,-0.7649187995042668,Fast
DOG-215,Dog,Golden Retriever,57,34.8,A,B2024-011,2024-08-03,Dr. Okafor,NA,6.8,7.6,80.5,Control,1.900364195807799,Fast
CAT-191,Cat,British Shorthair,42,5.5,B,B2024-004,2024-04-13,Dr. Okafor,NA,5.9,16.2,53.3,New Protein,-0.7027288629469853,Medium
CAT-154,Cat,British Shorthair,87,3.3,C,B2024-013,2024-09-05,Dr. Okafor,NA,7.3,14.5,75,New Flavour Coating,-0.8981829492698701,Medium
DOG-015,Dog,Golden Retriever,10,33.2,A,B2024-012,2024-02-02,Dr. Smith,NA,5.9,16.8,71,Control,1.758215769391156,Medium
DOG-076,Dog,Poodle,120,13.8,C,B2024-001,2024-03-16,Dr. Patel,NA,8.2,17.2,79.4,New Flavour Coating,0.03466609908935305,Medium
CAT-060,Cat,Bengal,62,4.2,A,B2024-004,2024-05-09,Dr. Patel,NA,7.7,10.1,73.1,Control,-0.8182244594105083,Medium
DOG-089,Dog,Labrador,14,8.2,A,B2024-005,2024-03-15,Dr. Chen,NA,7.5,13.5,85,Control,-0.4628533933688994,Medium
DOG-013,Dog,German Shepherd,12,16.8,A,B2024-007,2024-12-15,Dr. Smith,NA,5,12.8,50.8,Control,0.3011943986205597,Medium
DOG-218,Dog,Golden Retriever,48,NA,B,B2024-004,2024-09-13,Dr. Patel,NA,7.6,5.3,78.7,New Protein,NA,Fast
CAT-125,Cat,Bengal,105,3.8,C,B2024-003,2024-03-02,Dr. Chen,NA,7.8,13.6,58.4,New Flavour Coating,-0.853761566014669,Medium
DOG-038,Dog,Poodle,30,NA,B,B2024-005,2024-01-25,Dr. Okafor,NA,6.9,11,71.7,New Protein,NA,Medium
DOG-248,Dog,Poodle,114,27.2,A,B2024-013,2024-09-17,Dr. Smith,NA,6.2,18.4,73.3,Control,1.2251591703287426,Medium
DOG-250,Dog,Golden Retriever,13,18.2,B,B2024-014,2024-09-07,Dr. Chen,Refused initial sample,7.5,3.3,105.8,New Protein,0.42557427173512263,Fast
DOG-041,Dog,Golden Retriever,78,6.2,A,B2024-003,2024-09-28,Dr. Okafor,NA,8.4,9.5,69,Control,-0.6405389263897038,Fast
DOG-190,Dog,Golden Retriever,8,6.6,C,B2024-002,2024-02-06,Dr. Chen,NA,10,4.8,84.9,New Flavour Coating,-0.6050018197855429,Fast
CAT-014,Cat,Ragdoll,29,6.1,A,B2024-009,2024-07-31,Dr. Patel,NA,5.5,12.4,46.2,Control,-0.6494232030407441,Medium
DOG-066,Dog,Beagle,39,37,C,B2024-010,2024-09-05,Dr. Chen,NA,4.4,27.7,55.7,New Flavour Coating,2.095818282130684,Slow
DOG-173,Dog,Labrador,79,32.4,A,B2024-015,2024-02-27,Dr. Patel,NA,8.4,2.9,87.5,Control,1.6871415561828338,Fast
DOG-204,Dog,Golden Retriever,51,31.2,A,B2024-007,2024-03-25,Dr. Okafor,NA,8.5,10.9,101.2,Control,1.5805302363703513,Medium
DOG-026,Dog,German Shepherd,38,15.5,B,B2024-012,2024-06-16,Dr. Patel,Unusual hesitation before eating,8.8,6.6,89.3,New Protein,0.18569880215703674,Fast
DOG-138,Dog,Golden Retriever,115,NA,B,B2024-013,2024-01-13,Dr. Chen,NA,7.5,3.2,73.9,New Protein,NA,Fast
CAT-200,Cat,Bengal,25,3,B,B2024-006,2024-03-12,Dr. Patel,NA,7.2,7.2,68,New Protein,-0.9248357792229909,Fast
CAT-044,Cat,Maine Coon,106,4.2,A,B2024-013,2024-10-23,Dr. Chen,NA,4.3,17.1,52.1,Control,-0.8182244594105083,Medium
CAT-206,Cat,Maine Coon,103,4.7,C,B2024-012,2024-04-22,Dr. Smith,NA,9.2,5.3,62.3,New Flavour Coating,-0.7738030761553072,Fast
DOG-160,Dog,German Shepherd,118,NA,B,B2024-010,2024-10-31,Dr. Smith,NA,7.8,15.5,92.9,New Protein,NA,Medium
CAT-037,Cat,Bengal,76,5.8,C,B2024-002,2024-01-16,Dr. Okafor,NA,7.8,8.8,61.7,New Flavour Coating,-0.6760760329938647,Fast
CAT-070,Cat,Ragdoll,91,5,C,B2024-012,2024-02-25,Dr. Patel,NA,7,6.9,55,New Flavour Coating,-0.7471502462021864,Fast
DOG-111,Dog,Beagle,43,26.9,B,B2024-004,2024-09-03,Dr. Patel,NA,7.5,15.4,87.3,New Protein,1.1985063403756218,Medium
DOG-062,Dog,German Shepherd,56,17.1,C,B2024-001,2024-05-19,Dr. Smith,NA,9.2,2,108.9,New Flavour Coating,0.32784722857368037,Fast
CAT-144,Cat,Maine Coon,93,4.2,C,B2024-005,2024-12-21,Dr. Smith,NA,3.8,24.3,11.1,New Flavour Coating,-0.8182244594105083,Medium
DOG-207,Dog,Beagle,35,24.5,C,B2024-011,11-02-20,Dr. Chen,NA,7.1,8.3,85.9,New Flavour Coating,0.9852837007506566,Fast
DOG-184,Dog,Poodle,30,17.1,C,B2024-009,2024-01-02,Dr. Smith,NA,8.1,18.5,96,New Flavour Coating,0.32784722857368037,Medium
DOG-065,Dog,Beagle,53,3.4,A,B2024-007,2024-03-03,Dr. Smith,NA,6.4,15.4,70.7,Control,-0.8892986726188299,Medium
CAT-122,Cat,Bengal,34,NA,C,B2024-015,2024-10-15,Dr. Smith,NA,7.9,13.3,68.4,New Flavour Coating,NA,Medium
CAT-155,Cat,Bengal,74,3.1,C,B2024-009,2024-02-18,Dr. Patel,NA,6,16.7,51.9,New Flavour Coating,-0.9159515025719507,Medium
DOG-114,Dog,Poodle,47,4.8,C,B2024-001,2024-09-29,Dr. Okafor,NA,7.3,14.8,66.9,New Flavour Coating,-0.7649187995042668,Medium
DOG-047,Dog,Golden Retriever,66,8.5,B,B2024-015,2024-11-09,Dr. Smith,NA,5.9,10.4,63.2,New Protein,-0.4362005634157787,Medium
CAT-229,Cat,Siamese,62,6.4,A,B2024-004,2024-10-19,Dr. Chen,NA,5.8,14,35.2,Control,-0.6227703730876233,Medium
DOG-174,Dog,Labrador,114,37.2,A,B2024-003,2024-11-06,Dr. Chen,NA,6.4,11.1,56.7,Control,2.113586835432765,Medium
CAT-064,Cat,Ragdoll,48,6.4,B,B2024-001,2024-08-15,Dr. Okafor,NA,6.8,17.9,60.4,New Protein,-0.6227703730876233,Medium
DOG-118,Dog,Golden Retriever,92,11.1,B,B2024-009,2024-05-27,Dr. Chen,Spillage during trial (approx. 10g),6.9,11.6,76.7,New Protein,-0.205209370488733,Medium
DOG-042,Dog,Beagle,24,17.5,B,B2024-012,3-10-20,Dr. Okafor,NA,5.7,6.4,68.3,New Protein,0.36338433517784113,Fast
DOG-011,Dog,Labrador,49,26.1,A,B2024-015,2024-04-30,Dr. Chen,NA,4.5,23.1,44,Control,1.1274321271673002,Medium
CAT-078,Cat,Bengal,103,3.1,A,B2024-002,2024-01-16,Dr. Patel,NA,6.2,10.9,65.1,Control,-0.9159515025719507,Medium
CAT-030,Cat,Maine Coon,57,NA,C,B2024-011,2024-06-22,Dr. Chen,NA,8.2,10.2,67.1,New Flavour Coating,NA,Medium
CAT-129,Cat,Siamese,50,6.3,C,B2024-010,2024-08-02,Dr. Patel,NA,8.2,15.7,72.9,New Flavour Coating,-0.6316546497386636,Medium
DOG-244,Dog,Labrador,50,NA,B,B2024-006,2024-10-07,Dr. Patel,NA,6.3,13,82.5,New Protein,NA,Medium
DOG-264,Dog,German Shepherd,38,NA,A,B2024-009,2024-04-18,Dr. Patel,NA,6,15.9,62.4,Control,NA,Medium
DOG-156,Dog,Golden Retriever,115,5.3,A,B2024-002,2024-11-05,Dr. Chen,NA,9,14.9,76.4,Control,-0.7204974162490657,Medium
CAT-068,Cat,British Shorthair,80,4,C,B2024-014,2024-10-06,Dr. Smith,NA,5.6,14,55,New Flavour Coating,-0.8359930127125886,Medium
DOG-189,Dog,Beagle,120,28.6,A,B2024-010,2024-08-02,Dr. Okafor,NA,6.8,14.1,92.9,Control,1.3495390434433057,Medium
DOG-081,Dog,Golden Retriever,94,17.3,A,B2024-011,2024-09-13,Dr. Okafor,NA,7,10.3,55.4,Control,0.34561578187576075,Medium
CAT-132,Cat,Siamese,37,6.4,B,B2024-013,2024-03-24,Dr. Smith,NA,7.9,8.5,64.4,New Protein,-0.6227703730876233,Fast
DOG-212,Dog,Labrador,120,39.3,B,B2024-003,2024-09-11,Dr. Patel,NA,7.6,10.6,71.8,New Protein,2.300156645104609,Medium
CAT-021,Cat,British Shorthair,66,6.8,B,B2024-001,2024-08-16,Dr. Smith,NA,6.6,7.8,66.8,New Protein,-0.5872332664834624,Fast
DOG-044,Dog,Poodle,51,7.9,B,B2024-007,2024-01-27,Dr. Patel,Spillage during trial (approx. 10g),7.5,15,63,New Protein,-0.48950622332202,Medium
CAT-213,Cat,Maine Coon,67,3.5,A,B2024-005,2024-02-06,Dr. Okafor,NA,7.1,16.1,56.5,Control,-0.8804143959677897,Medium
DOG-009,Dog,Labrador,107,27.9,C,B2024-010,2024-08-05,Dr. Smith,NA,8.7,11.4,82.2,New Flavour Coating,1.2873491068860239,Medium
DOG-149,Dog,Labrador,112,37.6,A,B2024-006,2024-12-05,Dr. Okafor,NA,4.1,22.6,46.5,Control,2.1491239420369257,Medium
DOG-024,Dog,German Shepherd,33,6.1,B,B2024-013,2024-01-08,Dr. Okafor,NA,5.8,2.7,68.1,New Protein,-0.6494232030407441,Fast
CAT-163,Cat,Siamese,118,5.8,B,B2024-001,2024-03-15,Dr. Okafor,NA,5.7,15.5,63.3,New Protein,-0.6760760329938647,Medium
CAT-086,Cat,British Shorthair,34,6,B,B2024-012,2024-08-31,Dr. Okafor,NA,5.5,16.1,55.7,New Protein,-0.6583074796917843,Medium
DOG-096,Dog,Golden Retriever,69,22.2,B,B2024-015,2024-08-29,Dr. Chen,NA,7.5,10.5,91.8,New Protein,0.7809453377767315,Medium
DOG-208,Dog,Poodle,112,NA,B,B2024-003,2024-09-13,Dr. Patel,NA,7.8,7.5,76.2,New Protein,NA,Fast
DOG-226,Dog,Golden Retriever,47,3.6,A,B2024-010,2024-11-05,Dr. Okafor,NA,6.3,16.7,76.5,Control,-0.8715301193167495,Medium
DOG-130,Dog,Labrador,15,32.1,B,B2024-012,2024-03-30,Dr. Okafor,NA,7.9,8.9,86.8,New Protein,1.6604887262297134,Fast
DOG-148,Dog,Golden Retriever,115,19.1,B,B2024-014,2024-08-12,Dr. Smith,NA,5.2,19,53,New Protein,0.5055327615944848,Medium
DOG-247,Dog,German Shepherd,85,32.7,B,B2024-007,2024-06-19,Dr. Chen,Spillage during trial (approx. 10g),10,2,101.8,New Protein,1.713794386135955,Fast
DOG-249,Dog,Labrador,50,28.1,A,B2024-009,2024-07-23,Dr. Okafor,NA,8,5.6,77.6,Control,1.3051176601881047,Fast
CAT-197,Cat,Maine Coon,114,6.1,A,B2024-014,2024-03-18,Dr. Chen,NA,5.8,20.5,58.9,Control,-0.6494232030407441,Medium
CAT-020,Cat,Ragdoll,77,6.7,B,B2024-013,2024-01-25,Dr. Chen,NA,6.9,13.6,51.1,New Protein,-0.5961175431345026,Medium
DOG-150,Dog,Poodle,92,39.2,B,B2024-004,2024-05-10,Dr. Patel,NA,7.5,11.7,89.9,New Protein,2.291272368453569,Medium
DOG-252,Dog,German Shepherd,107,4,C,B2024-002,2024-06-29,Dr. Chen,NA,7.6,19.4,77.7,New Flavour Coating,-0.8359930127125886,Medium
CAT-031,Cat,Ragdoll,23,6.8,B,B2024-009,2024-02-15,Dr. Patel,Spillage during trial (approx. 10g),8.5,9.6,77.5,New Protein,-0.5872332664834624,Fast
DOG-030,Dog,Golden Retriever,112,38.1,B,B2024-012,2024-08-21,Dr. Chen,NA,8.3,12.9,82.5,New Protein,2.193545325292127,Medium
DOG-050,Dog,Poodle,103,39.7,A,B2024-011,2024-08-16,Dr. Smith,NA,8.9,2,74.3,Control,2.3356937517087704,Fast
DOG-117,Dog,Golden Retriever,39,3.4,A,B2024-008,2024-05-19,Dr. Okafor,NA,5.3,13.9,71.5,Control,-0.8892986726188299,Medium
CAT-083,Cat,Ragdoll,115,3.3,A,B2024-001,2024-03-28,Dr. Okafor,NA,6.8,14.9,66.3,Control,-0.8981829492698701,Medium
CAT-179,Cat,Siamese,43,NA,C,B2024-008,2024-12-03,Dr. Patel,NA,7.8,14,47,New Flavour Coating,NA,Medium
DOG-168,Dog,German Shepherd,107,NA,B,B2024-013,2024-07-25,Dr. Chen,NA,7.5,2,95.2,New Protein,NA,Fast
DOG-032,Dog,Golden Retriever,59,22.8,A,B2024-011,2024-06-26,Dr. Chen,NA,5.3,20.2,76.4,Control,0.834250997682973,Medium
DOG-143,Dog,Labrador,92,19.2,B,B2024-011,2024-10-14,Dr. Smith,NA,7.9,11.9,85.2,New Protein,0.5144170382455249,Medium
DOG-119,Dog,German Shepherd,105,5.1,A,B2024-007,2024-10-10,Dr. Patel,NA,7,18.8,64.9,Control,-0.7382659695511462,Medium
DOG-240,Dog,German Shepherd,107,15.9,B,B2024-008,2024-04-06,Dr. Okafor,NA,7.3,10.5,104.6,New Protein,0.22123590876119764,Medium
CAT-161,Cat,Bengal,111,6.8,A,B2024-006,2024-09-03,Dr. Patel,Pet showed strong preference immediately,8.2,9.2,86.4,Control,-0.5872332664834624,Fast
CAT-147,Cat,Ragdoll,65,5.4,A,B2024-011,2024-01-17,Dr. Smith,NA,6.8,13.1,71.6,Control,-0.7116131395980255,Medium
CAT-076,Cat,Siamese,23,5.9,A,B2024-008,2024-10-30,Dr. Patel,NA,6.2,7.2,83.6,Control,-0.6671917563428245,Fast
CAT-089,Cat,British Shorthair,17,6,C,B2024-014,2024-06-27,Dr. Okafor,NA,6.8,16,76.2,New Flavour Coating,-0.6583074796917843,Medium
CAT-095,Cat,British Shorthair,38,6.9,C,B2024-013,2024-11-24,Dr. Smith,NA,5.5,14.3,51.4,New Flavour Coating,-0.5783489898324222,Medium
CAT-107,Cat,British Shorthair,28,3,A,B2024-002,2024-07-04,Dr. Patel,NA,4.8,17.6,29.8,Control,-0.9248357792229909,Medium
CAT-111,Cat,Maine Coon,38,6.6,B,B2024-013,2024-01-07,Dr. Okafor,NA,7.2,8,69.5,New Protein,-0.6050018197855429,Fast
CAT-013,Cat,British Shorthair,120,NA,A,B2024-003,2024-09-29,Dr. Okafor,NA,6.3,15.6,46.3,Control,NA,Medium
CAT-217,Cat,Ragdoll,37,3.9,B,B2024-002,2024-12-15,Dr. Okafor,NA,7.2,15.4,81.2,New Protein,-0.8448772893636288,Medium
DOG-048,Dog,German Shepherd,25,38.6,A,B2024-008,2024-07-19,Dr. Okafor,NA,6.8,13.6,92,Control,2.2379667085473276,Medium
CAT-219,Cat,Siamese,111,3.8,C,B2024-007,2024-12-01,Dr. Patel,NA,7.4,8.9,64.7,New Flavour Coating,-0.853761566014669,Fast
DOG-157,Dog,Labrador,94,9.7,C,B2024-014,2024-10-28,Dr. Chen,NA,6.7,2.4,76.2,New Flavour Coating,-0.3295892436032961,Fast
DOG-068,Dog,Poodle,73,30.9,C,B2024-009,2024-02-05,Dr. Chen,NA,8.3,7.6,79.5,New Flavour Coating,1.5538774064172305,Fast
DOG-075,Dog,Golden Retriever,91,7.7,A,B2024-003,2024-10-29,Dr. Okafor,Refused initial sample,7.8,11.7,90.1,Control,-0.5072747766241005,Medium
DOG-209,Dog,Golden Retriever,50,7.9,B,B2024-010,2024-02-12,Dr. Okafor,NA,7.5,3.4,76.3,New Protein,-0.48950622332202,Fast
DOG-145,Dog,Poodle,95,4.4,C,B2024-006,2024-02-01,Dr. Smith,NA,7.9,7.3,56.4,New Flavour Coating,-0.8004559061084278,Fast
DOG-144,Dog,Labrador,117,27.8,C,B2024-015,2024-01-01,Dr. Okafor,NA,7.4,13.4,73.9,New Flavour Coating,1.278464830234984,Medium
DOG-147,Dog,German Shepherd,79,37.5,C,B2024-014,2024-11-29,Dr. Patel,NA,8.9,4.6,86,New Flavour Coating,2.1402396653858853,Fast
CAT-142,Cat,Siamese,44,6.3,C,B2024-013,2024-04-02,Dr. Okafor,NA,7,10.2,74.9,New Flavour Coating,-0.6316546497386636,Medium
CAT-126,Cat,Bengal,17,5.5,B,B2024-005,2024-10-11,Dr. Smith,NA,7.6,6.5,79.2,New Protein,-0.7027288629469853,Fast
DOG-012,Dog,Poodle,69,8.1,C,B2024-002,2024-11-10,Dr. Patel,NA,8.3,2,78.2,New Flavour Coating,-0.4717376700199396,Fast
CAT-053,Cat,Siamese,117,4.1,C,B2024-012,2024-06-02,Dr. Smith,NA,8.5,2,67,New Flavour Coating,-0.8271087360615484,Fast
DOG-106,Dog,Labrador,112,37.4,C,B2024-010,2024-01-08,Dr. Chen,NA,10,2,99,New Flavour Coating,2.131355388734845,Fast
DOG-120,Dog,German Shepherd,62,11.7,C,B2024-013,2024-12-20,Dr. Okafor,NA,7.5,11.6,74.5,New Flavour Coating,-0.15190371058249172,Medium
DOG-003,Dog,Labrador,97,30.3,B,B2024-004,2024-06-12,Dr. Okafor,NA,8.5,7.8,83,New Protein,1.5005717465109893,Fast
CAT-215,Cat,Maine Coon,63,6,B,B2024-005,2024-08-01,Dr. Patel,NA,7.2,16.4,64.2,New Protein,-0.6583074796917843,Medium
DOG-236,Dog,Beagle,109,3.3,B,B2024-006,2024-09-23,Dr. Patel,NA,7.2,9.8,73.4,New Protein,-0.8981829492698701,Fast
CAT-082,Cat,Bengal,46,3,A,B2024-001,2024-12-24,Dr. Chen,NA,7.2,13.2,59.1,Control,-0.9248357792229909,Medium
DOG-151,Dog,Beagle,59,28,C,B2024-012,2024-09-15,Dr. Chen,NA,9.2,5.4,101.1,New Flavour Coating,1.2962333835370643,Fast
CAT-025,Cat,British Shorthair,24,4.9,A,B2024-012,2024-12-28,Dr. Okafor,NA,6.4,16.2,48.1,Control,-0.7560345228532266,Medium
DOG-234,Dog,Beagle,38,NA,C,B2024-012,2024-07-25,Dr. Patel,NA,9.3,15.1,94.9,New Flavour Coating,NA,Medium
CAT-081,Cat,Maine Coon,32,5.3,C,B2024-001,2024-06-23,Dr. Patel,NA,8.6,7.4,67.9,New Flavour Coating,-0.7204974162490657,Fast
CAT-006,Cat,Maine Coon,81,NA,C,B2024-007,2024-12-27,Dr. Smith,NA,7.7,10.6,74.9,New Flavour Coating,NA,Medium
CAT-201,Cat,Maine Coon,50,3.1,A,B2024-014,2024-01-05,Dr. Chen,NA,6.2,12.4,54.3,Control,-0.9159515025719507,Medium
CAT-134,Cat,Ragdoll,55,3.1,C,B2024-004,2024-05-22,Dr. Okafor,NA,9.2,5.1,66.8,New Flavour Coating,-0.9159515025719507,Fast
CAT-101,Cat,Siamese,48,6,A,B2024-001,2024-09-28,Dr. Smith,NA,4.9,14.6,43.8,Control,-0.6583074796917843,Medium
DOG-224,Dog,Poodle,63,31.6,C,B2024-013,2024-09-24,Dr. Okafor,NA,8.3,9,78.4,New Flavour Coating,1.6160673429745125,Fast
DOG-202,Dog,Golden Retriever,50,38,C,B2024-004,2024-09-13,Dr. Chen,NA,7.7,15.9,95.2,New Flavour Coating,2.1846610486410865,Medium
CAT-012,Cat,Maine Coon,33,4.8,C,B2024-002,2024-03-06,Dr. Chen,NA,6.7,17.5,45.7,New Flavour Coating,-0.7649187995042668,Medium
DOG-228,Dog,Labrador,113,11.9,A,B2024-010,2024-11-28,Dr. Chen,NA,7.2,10.7,71.3,Control,-0.13413515728041117,Medium
CAT-164,Cat,British Shorthair,83,6.3,B,B2024-010,2024-07-10,Dr. Chen,NA,5.3,13.4,47.2,New Protein,-0.6316546497386636,Medium
CAT-018,Cat,Siamese,40,3.9,A,B2024-015,2024-06-24,Dr. Smith,NA,5.7,23.2,38.1,Control,-0.8448772893636288,Medium
CAT-047,Cat,Siamese,83,5.6,B,B2024-007,2024-03-21,Dr. Smith,NA,6.9,7.5,63.3,New Protein,-0.6938445862959451,Fast
CAT-017,Cat,British Shorthair,76,4,B,B2024-004,2024-03-17,Dr. Okafor,NA,6.8,13.4,67.6,New Protein,-0.8359930127125886,Medium
CAT-105,Cat,Siamese,70,6.6,B,B2024-009,2024-06-15,Dr. Okafor,NA,5.6,13.4,57.5,New Protein,-0.6050018197855429,Medium
DOG-182,Dog,Beagle,96,26.2,A,B2024-013,2024-04-01,Dr. Patel,NA,8.7,8.7,79.5,Control,1.1363164038183402,Fast
CAT-003,Cat,Bengal,109,4.9,C,B2024-014,2024-03-24,Dr. Okafor,NA,7.5,15.1,68.5,New Flavour Coating,-0.7560345228532266,Medium
CAT-099,Cat,British Shorthair,99,6.5,C,B2024-008,2024-11-13,Dr. Smith,NA,8,17.4,59.7,New Flavour Coating,-0.6138860964365831,Medium
DOG-056,Dog,Labrador,22,36.9,A,B2024-015,2024-02-15,Dr. Patel,NA,6.5,5.9,76.4,Control,2.0869340054796437,Fast
CAT-008,Cat,Bengal,117,5,A,B2024-012,2024-01-05,Dr. Okafor,NA,6.2,16.5,65.5,Control,-0.7471502462021864,Medium
CAT-059,Cat,Ragdoll,120,4.1,A,B2024-013,2024-08-31,Dr. Okafor,NA,5,11,46.1,Control,-0.8271087360615484,Medium
CAT-120,Cat,British Shorthair,17,3.6,A,B2024-007,2024-09-22,Dr. Smith,NA,7.9,7.8,72.5,Control,-0.8715301193167495,Fast
CAT-088,Cat,Ragdoll,28,3.7,A,B2024-003,2024-06-04,Dr. Patel,NA,6.4,13.7,59.1,Control,-0.8626458426657093,Medium
CAT-073,Cat,Bengal,25,5.3,C,B2024-002,2024-11-13,Dr. Patel,NA,5.7,12.5,44.9,New Flavour Coating,-0.7204974162490657,Medium
CAT-178,Cat,Siamese,88,NA,A,B2024-007,2024-01-14,Dr. Chen,NA,3.8,21.7,41.9,Control,NA,Medium
CAT-023,Cat,Siamese,12,3.6,B,B2024-001,2024-10-06,Dr. Patel,NA,7.4,5.7,51.8,New Protein,-0.8715301193167495,Fast
CAT-145,Cat,Ragdoll,115,3.7,C,B2024-011,2024-04-21,Dr. Okafor,NA,8,11,66.7,New Flavour Coating,-0.8626458426657093,Medium
DOG-267,Dog,Poodle,73,16.9,B,B2024-002,2024-04-21,Dr. Smith,NA,9.3,15.6,69.6,New Protein,0.3100786752715997,Medium
DOG-072,Dog,Golden Retriever,108,17.1,C,B2024-013,2024-06-21,Dr. Okafor,NA,5.8,12.9,73.6,New Flavour Coating,0.32784722857368037,Medium
CAT-199,Cat,Ragdoll,12,5.4,A,B2024-003,2024-04-12,Dr. Patel,NA,7.5,16,80.5,Control,-0.7116131395980255,Medium
CAT-157,Cat,Bengal,68,5.9,B,B2024-006,2024-08-15,Dr. Chen,NA,9.7,4,87.7,New Protein,-0.6671917563428245,Fast
CAT-096,Cat,Maine Coon,77,6.3,C,B2024-011,2024-03-05,Dr. Okafor,Trial interrupted — pet distracted,8.6,4.1,85.9,New Flavour Coating,-0.6316546497386636,Fast
CAT-211,Cat,British Shorthair,55,6.3,B,B2024-002,2024-05-15,Dr. Chen,NA,6.6,19,56,New Protein,-0.6316546497386636,Medium
CAT-189,Cat,Bengal,42,NA,C,B2024-005,2024-01-20,Dr. Patel,NA,6.4,14.7,70.7,New Flavour Coating,NA,Medium
CAT-098,Cat,Bengal,37,5.3,C,B2024-011,2024-10-14,Dr. Patel,NA,5.8,14.8,57.9,New Flavour Coating,-0.7204974162490657,Medium
CAT-041,Cat,Ragdoll,9,4.4,B,B2024-008,2024-07-09,Dr. Chen,NA,8.1,11.7,63.3,New Protein,-0.8004559061084278,Medium
DOG-045,Dog,Golden Retriever,8,12.5,B,B2024-001,2024-06-07,Dr. Okafor,NA,7.6,12.2,78.7,New Protein,-0.08082949737416988,Medium
DOG-005,Dog,Golden Retriever,98,NA,A,B2024-008,2024-07-07,Dr. Okafor,NA,6.1,15.6,75.6,Control,NA,Medium
DOG-128,Dog,Golden Retriever,68,37.6,A,B2024-009,2024-12-23,Dr. Smith,NA,8.2,7,87.1,Control,2.1491239420369257,Fast
CAT-171,Cat,Siamese,95,3.1,C,B2024-010,2024-04-02,Dr. Smith,NA,8.4,9.4,67.5,New Flavour Coating,-0.9159515025719507,Fast
CAT-077,Cat,British Shorthair,29,6.1,A,B2024-001,2024-01-28,Dr. Smith,NA,6.2,19.6,68.5,Control,-0.6494232030407441,Medium
CAT-119,Cat,Siamese,75,5.2,C,B2024-001,2024-02-16,Dr. Smith,NA,8.4,12.4,66.8,New Flavour Coating,-0.729381692900106,Medium
DOG-090,Dog,German Shepherd,61,36.6,C,B2024-009,2024-10-21,Dr. Okafor,NA,6.3,11.6,89,New Flavour Coating,2.0602811755265233,Medium
DOG-141,Dog,Poodle,14,31.3,A,B2024-007,2024-09-26,Dr. Chen,NA,5.4,14.7,68.1,Control,1.5894145130213917,Medium
CAT-110,Cat,Siamese,44,5.3,A,B2024-008,2024-04-12,Dr. Okafor,NA,6.8,9.7,53,Control,-0.7204974162490657,Fast
DOG-061,Dog,Poodle,55,6.6,A,B2024-001,2024-02-27,Dr. Patel,NA,6,14.8,58.6,Control,-0.6050018197855429,Medium
DOG-180,Dog,German Shepherd,75,13.3,A,B2024-011,2024-02-16,Dr. Patel,NA,8.5,8.2,104.2,Control,-0.00975528416584805,Fast
CAT-001,Cat,Bengal,64,NA,B,B2024-014,2024-05-26,Dr. Okafor,NA,7.9,5.9,67.4,New Protein,NA,Fast
DOG-146,Dog,Beagle,81,NA,C,B2024-013,2024-06-19,Dr. Patel,NA,8.8,2,108.5,New Flavour Coating,NA,Fast
DOG-200,Dog,Beagle,24,16.9,B,B2024-014,2024-04-01,Dr. Smith,NA,7.7,8.8,85.8,New Protein,0.3100786752715997,Fast
CAT-230,Cat,British Shorthair,52,5,A,B2024-008,2024-12-13,Dr. Okafor,NA,6.4,17,66.8,Control,-0.7471502462021864,Medium
DOG-187,Dog,Labrador,113,5.6,A,B2024-008,2024-04-01,Dr. Patel,NA,5.7,18,81.3,Control,-0.6938445862959451,Medium
CAT-103,Cat,Ragdoll,19,NA,A,B2024-004,2024-04-08,Dr. Chen,NA,4.6,16.4,47.1,Control,NA,Medium
DOG-241,Dog,Golden Retriever,50,18.3,C,B2024-012,2024-04-18,Dr. Patel,NA,7.6,12.2,67.5,New Flavour Coating,0.434458548386163,Medium
CAT-170,Cat,Bengal,91,4.5,A,B2024-003,2024-03-08,Dr. Smith,NA,7.3,9.6,66.5,Control,-0.7915716294573876,Fast
DOG-031,Dog,Beagle,14,24.2,C,B2024-013,2024-11-02,Dr. Patel,NA,10,3.2,82.4,New Flavour Coating,0.9586308707975358,Fast
CAT-079,Cat,Bengal,104,3.8,C,B2024-014,2024-06-04,Dr. Smith,NA,5,15.4,52.6,New Flavour Coating,-0.853761566014669,Medium
CAT-058,Cat,Siamese,96,4.5,C,B2024-009,2024-09-14,Dr. Okafor,NA,7.5,7.9,56,New Flavour Coating,-0.7915716294573876,Fast
DOG-059,Dog,Golden Retriever,42,22.9,C,B2024-011,2024-05-11,Dr. Chen,Container seal was compromised,8.3,11.3,93.6,New Flavour Coating,0.8431352743340129,Medium
DOG-142,Dog,Golden Retriever,45,13.7,A,B2024-015,2024-12-12,Dr. Chen,NA,10,10.3,104.4,Control,0.025781822438312705,Medium
DOG-203,Dog,German Shepherd,47,36.7,C,B2024-015,2024-11-03,Dr. Chen,Pet showed strong preference immediately,9.6,7.7,95.4,New Flavour Coating,2.0691654521775638,Fast
DOG-176,Dog,Golden Retriever,86,10.1,B,B2024-002,2024-02-17,Dr. Smith,NA,9.1,10.4,82.2,New Protein,-0.2940521369991352,Medium
DOG-100,Dog,Poodle,46,8.9,B,B2024-006,2024-10-11,Dr. Okafor,NA,7,10.4,82.9,New Protein,-0.4006634568116178,Medium
DOG-171,Dog,German Shepherd,114,30.9,B,B2024-010,2024-08-26,Dr. Smith,NA,9.3,12.4,96.5,New Protein,1.5538774064172305,Medium
DOG-259,Dog,Golden Retriever,15,10.5,C,B2024-002,2024-03-06,Dr. Smith,NA,9.3,16.7,85.2,New Flavour Coating,-0.2585150303949743,Medium
CAT-011,Cat,Bengal,15,5.8,B,B2024-003,2024-02-04,Dr. Patel,NA,8.6,6,72.7,New Protein,-0.6760760329938647,Fast
CAT-069,Cat,Bengal,49,3.2,A,B2024-008,2024-02-28,Dr. Smith,NA,3.1,24.7,47.6,Control,-0.9070672259209105,Medium
DOG-113,Dog,Beagle,74,4.7,C,B2024-002,2024-02-08,Dr. Patel,NA,8.1,18,46.9,New Flavour Coating,-0.7738030761553072,Medium
DOG-018,Dog,Labrador,87,19.2,B,B2024-010,2024-12-23,Dr. Patel,NA,7.3,13.4,78.7,New Protein,0.5144170382455249,Medium
DOG-036,Dog,Poodle,97,4.9,B,B2024-005,2024-03-27,Dr. Patel,NA,8.6,18.3,67.5,New Protein,-0.7560345228532266,Medium
DOG-164,Dog,Labrador,88,17.8,A,B2024-003,2024-02-05,Dr. Patel,NA,5.2,13,60.7,Control,0.39003716513096187,Medium
DOG-039,Dog,German Shepherd,113,17,A,B2024-008,2024-01-03,Dr. Okafor,NA,8,5.3,98.4,Control,0.31896295192264007,Fast
CAT-162,Cat,Siamese,21,4.9,A,B2024-012,2024-06-18,Dr. Okafor,NA,6.2,21.1,49.2,Control,-0.7560345228532266,Medium
DOG-183,Dog,German Shepherd,89,16.7,C,B2024-008,2024-02-19,Dr. Smith,NA,7.3,6.4,82.4,New Flavour Coating,0.29231012196951933,Fast
DOG-121,Dog,Golden Retriever,25,17.9,A,B2024-008,2024-11-13,Dr. Patel,NA,8.4,7.2,97.4,Control,0.3989214417820019,Fast
CAT-071,Cat,Maine Coon,9,5,C,B2024-006,2024-03-24,Dr. Patel,NA,7.3,10.3,78.1,New Flavour Coating,-0.7471502462021864,Medium
DOG-245,Dog,Beagle,21,25.9,C,B2024-001,2024-03-21,Dr. Okafor,NA,7.7,6.2,78.3,New Flavour Coating,1.1096635738652196,Fast
CAT-139,Cat,Siamese,103,NA,A,B2024-010,2024-03-26,Dr. Smith,NA,6.3,12.9,47.9,Control,NA,Medium
CAT-093,Cat,Maine Coon,106,6.2,C,B2024-002,2024-04-02,Dr. Smith,NA,9.6,6.5,71.8,New Flavour Coating,-0.6405389263897038,Fast
CAT-035,Cat,British Shorthair,37,4.1,A,B2024-015,2024-12-02,Dr. Okafor,NA,8.4,9.1,62.9,Control,-0.8271087360615484,Fast
CAT-080,Cat,Maine Coon,90,4.3,A,B2024-010,2024-12-20,Dr. Chen,NA,5.9,20.2,37.1,Control,-0.809340182759468,Medium
DOG-105,Dog,Golden Retriever,6,25.8,B,B2024-010,2024-06-23,Dr. Chen,NA,7,14,61.3,New Protein,1.1007792972141794,Medium
CAT-156,Cat,Maine Coon,69,4.2,C,B2024-004,2024-08-15,Dr. Okafor,NA,5.2,20.1,55.2,New Flavour Coating,-0.8182244594105083,Medium
DOG-091,Dog,Labrador,80,36.3,B,B2024-004,2024-03-14,Dr. Smith,NA,8.1,7.9,78.7,New Protein,2.0336283455734026,Fast
DOG-167,Dog,Poodle,67,20.6,B,B2024-012,2024-10-11,Dr. Chen,NA,6.5,15.9,89.2,New Protein,0.6387969113600881,Medium
CAT-040,Cat,Maine Coon,96,5,A,B2024-013,2024-06-15,Dr. Chen,NA,7,21.6,36.8,Control,-0.7471502462021864,Medium
DOG-103,Dog,Beagle,81,25.8,B,B2024-010,2024-07-23,Dr. Chen,NA,9.6,6.5,109.3,New Protein,1.1007792972141794,Fast
CAT-049,Cat,Siamese,76,6.2,A,B2024-007,2024-01-04,Dr. Okafor,NA,7.1,3.3,69.9,Control,-0.6405389263897038,Fast
CAT-152,Cat,Maine Coon,36,6.4,B,B2024-014,2024-04-09,Dr. Patel,NA,6.1,15.4,37.6,New Protein,-0.6227703730876233,Medium
DOG-035,Dog,Golden Retriever,120,18.2,C,B2024-003,2024-03-23,Dr. Okafor,NA,9.3,9.7,90.8,New Flavour Coating,0.42557427173512263,Fast
CAT-138,Cat,Siamese,101,6.7,C,B2024-011,2024-03-23,Dr. Smith,NA,6.2,21.3,61.5,New Flavour Coating,-0.5961175431345026,Medium
DOG-135,Dog,German Shepherd,106,8.1,B,B2024-001,2024-02-11,Dr. Okafor,NA,5.8,13.5,49.7,New Protein,-0.4717376700199396,Medium
CAT-227,Cat,Ragdoll,90,4.1,C,B2024-005,2024-07-05,Dr. Chen,NA,6.2,9.1,77.3,New Flavour Coating,-0.8271087360615484,Fast
CAT-193,Cat,Siamese,70,3.6,C,B2024-009,2024-05-04,Dr. Chen,NA,8.7,11.2,73.2,New Flavour Coating,-0.8715301193167495,Medium
DOG-194,Dog,Poodle,108,24,B,B2024-004,2024-07-22,Dr. Patel,NA,6.9,11.6,60.7,New Protein,0.9408623174954555,Medium
DOG-007,Dog,Golden Retriever,50,14,B,B2024-005,NA,Dr. Chen,NA,8.3,9.7,75.7,New Protein,0.05243465239143343,Fast
DOG-116,Dog,Labrador,25,11.4,A,B2024-010,2024-12-05,Dr. Smith,NA,5.4,14.6,58.9,Control,-0.17855654053561226,Medium
DOG-163,Dog,Beagle,66,NA,B,B2024-010,2024-08-18,Dr. Patel,NA,5.8,16.3,71,New Protein,NA,Medium
CAT-203,Cat,British Shorthair,119,NA,A,B2024-003,2024-01-09,Dr. Smith,NA,5.4,15.8,47.3,Control,NA,Medium
CAT-010,Cat,Ragdoll,116,5.2,B,B2024-015,2024-08-20,Dr. Smith,NA,7.7,9.9,69.9,New Protein,-0.729381692900106,Fast
DOG-217,Dog,Golden Retriever,58,16.6,A,B2024-002,2024-07-07,Dr. Okafor,NA,9.2,8.1,96,Control,0.2834258453184793,Fast
CAT-002,Cat,Maine Coon,58,3.7,B,B2024-004,2024-10-07,Dr. Chen,NA,7.2,17,63.3,New Protein,-0.8626458426657093,Medium
CAT-224,Cat,Maine Coon,56,3.2,C,B2024-004,2024-01-13,Dr. Chen,NA,10,3.9,83.1,New Flavour Coating,-0.9070672259209105,Fast
DOG-016,Dog,Beagle,36,16.6,C,B2024-015,2024-08-20,Dr. Patel,NA,8,4.6,82.4,New Flavour Coating,0.2834258453184793,Fast
CAT-148,Cat,Siamese,39,6.5,C,B2024-005,2024-04-23,Dr. Smith,NA,8.4,5.4,60.5,New Flavour Coating,-0.6138860964365831,Fast
CAT-214,Cat,Ragdoll,87,3,C,B2024-006,2024-05-31,Dr. Okafor,NA,7.8,14.7,60.6,New Flavour Coating,-0.9248357792229909,Medium
DOG-101,Dog,Labrador,15,37.1,C,B2024-014,2024-12-28,Dr. Okafor,NA,10,11.5,112.7,New Flavour Coating,2.1047025587817245,Medium
CAT-054,Cat,British Shorthair,41,4,B,B2024-006,2024-02-12,Dr. Patel,Container seal was compromised,7.4,6.9,79.8,New Protein,-0.8359930127125886,Fast
CAT-038,Cat,Maine Coon,6,3.7,B,B2024-009,2024-01-18,Dr. Smith,NA,6.5,7.2,46.4,New Protein,-0.8626458426657093,Fast
CAT-198,Cat,Siamese,73,5.5,A,B2024-011,2024-12-10,Dr. Okafor,NA,4.4,13,18.3,Control,-0.7027288629469853,Medium
CAT-063,Cat,Maine Coon,66,3.1,A,B2024-006,2024-06-06,Dr. Patel,NA,6.2,13.3,60.9,Control,-0.9159515025719507,Medium
DOG-095,Dog,Labrador,19,8.9,C,B2024-003,2024-09-08,Dr. Chen,NA,9.2,5.3,111.3,New Flavour Coating,-0.4006634568116178,Fast
DOG-181,Dog,Labrador,79,19.6,B,B2024-009,2024-12-12,Dr. Smith,NA,8.5,5.4,78.2,New Protein,0.5499541448496859,Fast
DOG-153,Dog,Poodle,32,10.7,B,B2024-008,2024-04-22,Dr. Okafor,Technician noted unusual batch texture,8.8,5.5,93.2,New Protein,-0.2407464770928939,Fast
DOG-123,Dog,German Shepherd,32,16.4,A,B2024-004,2024-01-03,Dr. Smith,NA,6.8,13.3,59.4,Control,0.2656572920163986,Medium
DOG-108,Dog,Labrador,72,4,C,B2024-003,2024-04-28,Dr. Patel,NA,10,2,82.4,New Flavour Coating,-0.8359930127125886,Fast
DOG-256,Dog,Labrador,42,5.6,A,B2024-006,2024-01-19,Dr. Smith,NA,6.8,10,72.9,Control,-0.6938445862959451,Fast
CAT-065,Cat,British Shorthair,46,3.6,B,B2024-010,2024-05-30,Dr. Okafor,NA,7.6,14.6,57.8,New Protein,-0.8715301193167495,Medium
DOG-083,Dog,Beagle,111,3.8,A,B2024-014,2024-08-28,Dr. Patel,NA,6.8,12.4,76.4,Control,-0.853761566014669,Medium
CAT-190,Cat,Ragdoll,92,5.2,C,B2024-013,2024-11-29,Dr. Smith,NA,10,7.3,71.8,New Flavour Coating,-0.729381692900106,Fast
DOG-102,Dog,Golden Retriever,54,21.5,B,B2024-007,2024-10-19,Dr. Okafor,Unusual hesitation before eating,5.2,17.6,42.9,New Protein,0.7187554012194499,Medium
DOG-053,Dog,Golden Retriever,87,3.3,C,B2024-014,2024-11-20,Dr. Patel,NA,7.3,16.7,79.8,New Flavour Coating,-0.8981829492698701,Medium
DOG-242,Dog,Labrador,40,14.5,C,B2024-015,2024-08-20,Dr. Patel,NA,8,10.6,82.6,New Flavour Coating,0.09685603564663453,Medium
CAT-209,Cat,Ragdoll,24,5,A,B2024-007,2024-09-06,Dr. Smith,NA,6.5,9.9,56.4,Control,-0.7471502462021864,Fast
CAT-149,Cat,Maine Coon,59,5.6,B,B2024-011,2024-12-28,Dr. Smith,NA,8.8,17.4,72.7,New Protein,-0.6938445862959451,Medium
DOG-021,Dog,Poodle,35,38.5,A,B2024-009,2024-02-25,Dr. Smith,NA,3.6,20.9,57.6,Control,2.2290824318962876,Medium
DOG-126,Dog,Labrador,8,12.8,C,B2024-009,2024-10-17,Dr. Okafor,NA,8.7,6.6,81.6,New Flavour Coating,-0.05417666742104915,Fast
DOG-043,Dog,Labrador,84,9.8,A,B2024-015,2024-08-24,Dr. Chen,NA,7.4,2.7,69.8,Control,-0.32070496695225575,Fast
DOG-261,Dog,Golden Retriever,80,19.5,B,B2024-008,2024-01-04,Dr. Patel,NA,6.8,16.3,78.7,New Protein,0.5410698681986456,Medium
DOG-178,Dog,Poodle,13,33.7,B,B2024-006,2024-07-21,Dr. Smith,NA,6.6,13.5,78.7,New Protein,1.8026371526463572,Medium
DOG-019,Dog,Beagle,44,25.3,A,B2024-006,2024-08-16,Dr. Okafor,NA,8.8,15.8,97.1,Control,1.0563579139589785,Medium
CAT-175,Cat,Ragdoll,79,3.1,C,B2024-001,2024-09-15,Dr. Smith,NA,7.1,18.9,87.7,New Flavour Coating,-0.9159515025719507,Medium
CAT-141,Cat,Bengal,77,3.7,A,B2024-011,2024-01-03,Dr. Chen,NA,3.2,17.5,34.6,Control,-0.8626458426657093,Medium
DOG-085,Dog,Poodle,120,13.2,B,B2024-007,2024-01-31,Dr. Patel,NA,8.7,4.9,81.7,New Protein,-0.018639560816888397,Fast
DOG-084,Dog,Poodle,108,25,B,B2024-013,2024-07-20,Dr. Chen,Technician noted unusual batch texture,6.1,21.8,70,New Protein,1.0297050840058577,Medium
DOG-122,Dog,Golden Retriever,14,3.5,C,B2024-011,2024-04-23,Dr. Chen,NA,8.5,6.9,78.5,New Flavour Coating,-0.8804143959677897,Fast
DOG-188,Dog,Labrador,21,29.2,C,B2024-010,2024-07-26,Dr. Patel,NA,8.6,6.2,86.1,New Flavour Coating,1.4028447033495468,Fast
DOG-266,Dog,German Shepherd,20,NA,A,B2024-012,2024-03-30,Dr. Patel,NA,5.3,19.6,46.4,Control,NA,Medium
DOG-232,Dog,Labrador,116,5.7,A,B2024-010,2024-02-09,Dr. Patel,NA,6.7,18.8,76.2,Control,-0.6849603096449048,Medium
DOG-017,Dog,Labrador,37,19.3,C,B2024-012,2024-07-08,Dr. Okafor,Container seal was compromised,6.6,12.6,67.2,New Flavour Coating,0.5233013148965652,Medium
CAT-220,Cat,British Shorthair,97,4.8,A,B2024-006,2024-05-21,Dr. Smith,NA,6,17.2,41,Control,-0.7649187995042668,Medium
CAT-051,Cat,Siamese,29,3.6,B,B2024-009,NA,Dr. Smith,NA,7.7,11.2,72,New Protein,-0.8715301193167495,Medium
CAT-127,Cat,Maine Coon,105,6,A,B2024-005,2024-12-19,Dr. Chen,NA,5.7,18.1,43.1,Control,-0.6583074796917843,Medium
DOG-185,Dog,Golden Retriever,29,36.8,A,B2024-008,2024-10-08,Dr. Okafor,NA,5.4,6.5,67,Control,2.0780497288286033,Fast
CAT-182,Cat,British Shorthair,100,6.6,C,B2024-010,2024-10-10,Dr. Patel,NA,8.1,9.1,86.7,New Flavour Coating,-0.6050018197855429,Fast
CAT-131,Cat,Bengal,51,4.1,B,B2024-015,2024-12-31,Dr. Chen,NA,9.6,5.2,81.1,New Protein,-0.8271087360615484,Fast
CAT-128,Cat,Bengal,28,6.2,C,B2024-011,2024-06-10,Dr. Okafor,NA,7.2,2.8,70.4,New Flavour Coating,-0.6405389263897038,Fast
CAT-174,Cat,Bengal,19,5.7,C,B2024-012,2024-03-30,Dr. Patel,NA,6.6,14.6,78.4,New Flavour Coating,-0.6849603096449048,Medium
DOG-238,Dog,German Shepherd,19,23.6,B,B2024-015,2024-10-01,Dr. Chen,NA,7.2,17.3,78.7,New Protein,0.9053252108912947,Medium
CAT-180,Cat,Bengal,109,5,A,B2024-011,2024-01-13,Dr. Patel,NA,3.8,20.8,52.1,Control,-0.7471502462021864,Medium
DOG-161,Dog,German Shepherd,107,35.2,C,B2024-002,2024-01-08,Dr. Okafor,NA,5.3,10.9,74.5,New Flavour Coating,1.9359013024119605,Medium
CAT-169,Cat,Ragdoll,33,3.6,C,B2024-006,2024-03-13,Dr. Patel,NA,9.2,8.4,64.9,New Flavour Coating,-0.8715301193167495,Fast
CAT-143,Cat,Bengal,118,6,B,B2024-011,2024-10-29,Dr. Smith,NA,7.4,7.6,63.3,New Protein,-0.6583074796917843,Fast
CAT-026,Cat,Maine Coon,56,4,A,B2024-007,2024-05-24,Dr. Okafor,NA,4.8,15,54,Control,-0.8359930127125886,Medium
DOG-129,Dog,Golden Retriever,23,3.1,C,B2024-008,2024-09-22,Dr. Smith,NA,6,15.9,60.3,New Flavour Coating,-0.9159515025719507,Medium
DOG-014,Dog,Golden Retriever,113,14.6,C,B2024-001,2024-11-26,Dr. Okafor,NA,8.2,4.8,68.2,New Flavour Coating,0.10574031229767472,Fast
DOG-211,Dog,Labrador,47,39.3,B,B2024-005,2024-06-05,Dr. Patel,NA,7.5,12.6,67,New Protein,2.300156645104609,Medium
DOG-110,Dog,Labrador,58,11.9,C,B2024-009,2024-11-24,Dr. Patel,NA,8.8,7.3,91.2,New Flavour Coating,-0.13413515728041117,Fast
DOG-265,Dog,Poodle,91,9.8,C,B2024-015,2024-07-23,Dr. Chen,NA,10,3.9,93.7,New Flavour Coating,-0.32070496695225575,Fast
DOG-029,Dog,Labrador,89,34.8,A,B2024-011,2024-01-11,Dr. Smith,NA,9.7,3.3,107.5,Control,1.900364195807799,Fast
CAT-056,Cat,Maine Coon,19,5.7,C,B2024-005,2024-06-06,Dr. Okafor,NA,8.7,11.8,69.5,New Flavour Coating,-0.6849603096449048,Medium
DOG-078,Dog,German Shepherd,24,NA,B,B2024-005,2024-12-16,Dr. Okafor,NA,7.5,7.3,67.7,New Protein,NA,Fast
CAT-188,Cat,Bengal,52,5.9,C,B2024-011,2024-11-23,Dr. Chen,NA,7.8,16.5,63.7,New Flavour Coating,-0.6671917563428245,Medium
CAT-004,Cat,Maine Coon,71,7,B,B2024-002,2024-07-07,Dr. Smith,NA,4.8,19.8,40,New Protein,-0.569464713181382,Medium
CAT-016,Cat,Bengal,16,5.2,A,B2024-011,2024-05-26,Dr. Smith,NA,6.2,11.8,52.1,Control,-0.729381692900106,Medium
DOG-193,Dog,German Shepherd,26,3.4,B,B2024-010,2024-08-16,Dr. Chen,NA,5.2,20.1,73,New Protein,-0.8892986726188299,Medium
DOG-154,Dog,Beagle,103,14.8,A,B2024-011,2024-02-20,Dr. Patel,NA,7.3,13.8,77.2,Control,0.12350886559975525,Medium
CAT-052,Cat,British Shorthair,35,4.2,A,B2024-002,2024-11-21,Dr. Okafor,NA,6.2,13.1,78.3,Control,-0.8182244594105083,Medium
CAT-032,Cat,Bengal,104,3.6,B,B2024-006,2024-12-31,Dr. Okafor,NA,7.3,15.3,57.5,New Protein,-0.8715301193167495,Medium
DOG-220,Dog,German Shepherd,31,21,C,B2024-011,2024-03-06,Dr. Okafor,NA,9.8,5.2,89,New Flavour Coating,0.6743340179642489,Fast
DOG-022,Dog,Poodle,59,NA,B,B2024-001,2024-12-29,Dr. Smith,NA,5.3,17.7,78.7,New Protein,NA,Medium
DOG-195,Dog,Labrador,72,NA,C,B2024-002,2024-10-12,Dr. Smith,NA,7.3,12.4,72.1,New Flavour Coating,NA,Medium
DOG-191,Dog,Poodle,61,4.4,B,B2024-011,2024-08-25,Dr. Okafor,NA,7.9,19.3,86,New Protein,-0.8004559061084278,Medium
CAT-061,Cat,Ragdoll,74,4.9,B,B2024-013,2024-07-27,Dr. Chen,NA,6.4,6.9,48,New Protein,-0.7560345228532266,Fast
DOG-263,Dog,Beagle,28,24.3,C,B2024-001,2024-10-10,Dr. Smith,NA,8.6,12.9,90.9,New Flavour Coating,0.9675151474485763,Medium
DOG-092,Dog,Labrador,11,10.1,A,B2024-003,2024-03-20,Dr. Smith,NA,4.6,15.8,68.3,Control,-0.2940521369991352,Medium
DOG-028,Dog,Golden Retriever,98,26.5,B,B2024-001,2024-10-29,Dr. Smith,NA,8.8,9.2,94.4,New Protein,1.162969233771461,Fast
DOG-162,Dog,German Shepherd,28,3.7,C,B2024-005,2024-01-09,Dr. Patel,NA,8.8,6.7,114.9,New Flavour Coating,-0.8626458426657093,Fast
DOG-027,Dog,Beagle,116,27.9,C,B2024-003,2024-06-15,Dr. Chen,NA,8,7.1,81.5,New Flavour Coating,1.2873491068860239,Fast
DOG-268,Dog,German Shepherd,65,29.4,A,B2024-014,2024-09-22,Dr. Chen,NA,7.9,15.9,94.3,Control,1.4206132566516272,Medium
DOG-231,Dog,Golden Retriever,87,22,A,B2024-014,2024-07-03,Dr. Chen,NA,7.1,5.4,78.1,Control,0.7631767844746511,Fast
CAT-216,Cat,British Shorthair,74,6.1,C,B2024-006,2024-07-31,Dr. Okafor,NA,7.8,11.4,66.8,New Flavour Coating,-0.6494232030407441,Medium
DOG-052,Dog,Golden Retriever,22,8.2,C,B2024-001,2024-06-11,Dr. Patel,NA,7.1,10.5,70,New Flavour Coating,-0.4628533933688994,Medium
DOG-088,Dog,Poodle,43,33.5,B,B2024-014,2024-01-04,Dr. Chen,NA,9.6,7,114.6,New Protein,1.7848685993442766,Fast
CAT-204,Cat,Maine Coon,20,4.9,B,B2024-009,2024-01-29,Dr. Smith,NA,6.3,14.4,48,New Protein,-0.7560345228532266,Medium
CAT-033,Cat,Bengal,103,6.6,A,B2024-012,2024-05-06,Dr. Patel,NA,7.2,12.8,51.2,Control,-0.6050018197855429,Medium
DOG-112,Dog,Labrador,64,17,B,B2024-001,2024-05-17,Dr. Chen,NA,6.3,12.2,73.2,New Protein,0.31896295192264007,Medium
CAT-094,Cat,Bengal,33,NA,B,B2024-013,2024-11-07,Dr. Chen,NA,8.1,5.2,64.2,New Protein,NA,Fast
DOG-046,Dog,Golden Retriever,27,23.5,C,B2024-008,2024-08-29,Dr. Smith,NA,7.9,2.3,89.2,New Flavour Coating,0.8964409342402544,Fast
DOG-227,Dog,Golden Retriever,46,15.3,C,B2024-001,2024-01-01,Dr. Smith,NA,9,9.2,107.3,New Flavour Coating,0.16793024885495636,Fast
CAT-196,Cat,Ragdoll,36,3.4,A,B2024-005,2024-03-03,Dr. Okafor,NA,5.7,18.3,35.8,Control,-0.8892986726188299,Medium
DOG-124,Dog,German Shepherd,51,24.6,A,B2024-005,2024-10-29,Dr. Okafor,NA,5.4,17,68.9,Control,0.9941679774016969,Medium
DOG-069,Dog,German Shepherd,94,38.2,A,B2024-009,2024-05-09,Dr. Okafor,NA,5.7,19.4,65.2,Control,2.2024296019431673,Medium
CAT-223,Cat,Siamese,38,6,C,B2024-006,2024-12-05,Dr. Okafor,NA,7.8,8.7,65.6,New Flavour Coating,-0.6583074796917843,Fast
DOG-222,Dog,Labrador,67,36.5,B,B2024-010,2024-01-13,Dr. Chen,NA,6.9,7.9,71.8,New Protein,2.051396898875483,Fast
DOG-219,Dog,German Shepherd,48,19.6,A,B2024-015,2024-08-24,Dr. Okafor,NA,7.3,5,100.9,Control,0.5499541448496859,Fast
CAT-186,Cat,Bengal,39,6.2,B,B2024-013,2024-07-19,Dr. Okafor,NA,7.6,13.8,62.3,New Protein,-0.6405389263897038,Medium
DOG-070,Dog,Poodle,95,26.1,A,B2024-011,2024-05-04,Dr. Okafor,NA,8.6,11.6,97.2,Control,1.1274321271673002,Medium
CAT-194,Cat,Bengal,17,4.8,C,B2024-002,2024-03-13,Dr. Chen,NA,10,2,78.6,New Flavour Coating,-0.7649187995042668,Fast
DOG-155,Dog,German Shepherd,85,34.6,B,B2024-014,2024-10-05,Dr. Smith,NA,8,5.6,81.5,New Protein,1.882595642505719,Fast
CAT-135,Cat,Ragdoll,62,4.7,C,B2024-009,2024-07-18,Dr. Patel,NA,7.9,9.5,49.9,New Flavour Coating,-0.7738030761553072,Fast
DOG-254,Dog,Beagle,77,5.8,B,B2024-012,2024-02-06,Dr. Smith,NA,9.2,2,97.9,New Protein,-0.6760760329938647,Fast
DOG-210,Dog,Labrador,104,32.3,C,B2024-002,2024-12-20,Dr. Patel,NA,8.7,6.5,97.7,New Flavour Coating,1.6782572795317936,Fast
CAT-015,Cat,Ragdoll,69,5.9,B,B2024-004,2024-06-14,Dr. Okafor,NA,6.8,14,63.3,New Protein,-0.6671917563428245,Medium
DOG-109,Dog,Poodle,64,23,A,B2024-008,2024-11-15,Dr. Chen,NA,6.8,6.3,82.9,Control,0.8520195509850533,Fast
CAT-124,Cat,Siamese,106,3.9,B,B2024-005,2024-08-22,Dr. Smith,NA,5.9,16.2,63.3,New Protein,-0.8448772893636288,Medium
CAT-029,Cat,Maine Coon,70,5.4,C,B2024-010,2024-02-11,Dr. Okafor,NA,7.1,16.6,71.7,New Flavour Coating,-0.7116131395980255,Medium
DOG-087,Dog,German Shepherd,7,8.4,C,B2024-004,2024-07-27,Dr. Chen,NA,10,8.1,98,New Flavour Coating,-0.44508484006681887,Fast
DOG-002,Dog,Poodle,83,17.3,A,B2024-010,2024-01-06,Dr. Chen,NA,6.2,20.6,50.5,Control,0.34561578187576075,Medium
CAT-221,Cat,Maine Coon,77,5.1,A,B2024-014,2024-07-19,Dr. Okafor,NA,5.6,17.5,58.9,Control,-0.7382659695511462,Medium
DOG-067,Dog,Poodle,63,36.3,C,B2024-014,2024-04-21,Dr. Smith,NA,8.9,9.1,83.4,New Flavour Coating,2.0336283455734026,Fast
DOG-251,Dog,Golden Retriever,114,NA,B,B2024-012,2024-02-01,Dr. Smith,NA,7.3,12.4,67,New Protein,NA,Medium
CAT-165,Cat,Maine Coon,58,3.2,A,B2024-003,2024-07-10,Dr. Okafor,NA,6.3,12.4,49.6,Control,-0.9070672259209105,Medium
DOG-131,Dog,German Shepherd,102,32.9,A,B2024-003,2024-03-03,Dr. Smith,NA,6.1,18.8,61.9,Control,1.731562939438035,Medium
DOG-037,Dog,German Shepherd,87,31.8,A,B2024-007,2024-04-28,Dr. Patel,NA,7.4,7.5,75.2,Control,1.6338358962765926,Fast
DOG-115,Dog,Labrador,67,38.6,A,B2024-010,2024-05-27,Dr. Patel,NA,7.7,10.3,83.2,Control,2.2379667085473276,Medium
DOG-201,Dog,Labrador,34,NA,B,B2024-003,2024-02-06,Dr. Okafor,NA,7.5,11.4,80.2,New Protein,NA,Medium
DOG-166,Dog,Labrador,18,7.4,B,B2024-002,2024-09-19,Dr. Smith,NA,9,9.5,91.7,New Protein,-0.533927606577221,Fast
DOG-125,Dog,Golden Retriever,51,25.4,B,B2024-001,2024-05-19,Dr. Smith,NA,6.3,19.6,72.2,New Protein,1.0652421906100185,Medium
DOG-073,Dog,Golden Retriever,38,5.4,C,B2024-002,2024-09-13,Dr. Patel,NA,7.2,14.3,58.9,New Flavour Coating,-0.7116131395980255,Medium
CAT-115,Cat,Bengal,104,6.1,A,B2024-015,2024-01-10,Dr. Okafor,NA,7,17,59.8,Control,-0.6494232030407441,Medium
CAT-085,Cat,Bengal,7,4.8,A,B2024-006,2024-02-29,Dr. Chen,NA,3.8,24.2,28.6,Control,-0.7649187995042668,Medium
CAT-034,Cat,British Shorthair,85,5.8,A,B2024-012,2024-10-19,Dr. Okafor,NA,7.9,2,44.9,Control,-0.6760760329938647,Fast
CAT-097,Cat,Ragdoll,77,4.8,A,B2024-014,2024-05-21,Dr. Smith,NA,6.7,20.1,52.1,Control,-0.7649187995042668,Medium
DOG-097,Dog,Poodle,111,11.3,A,B2024-009,2024-10-03,Dr. Smith,NA,6.5,16.4,83,Control,-0.18744081718665245,Medium
CAT-066,Cat,Ragdoll,32,6.8,C,B2024-007,2024-03-21,Dr. Smith,NA,8.7,9.1,63.6,New Flavour Coating,-0.5872332664834624,Fast
CAT-166,Cat,Maine Coon,57,4.6,C,B2024-006,2024-11-20,Dr. Smith,NA,7.8,18.8,43.7,New Flavour Coating,-0.7826873528063474,Medium
DOG-133,Dog,Poodle,89,24,C,B2024-001,2024-04-11,Dr. Chen,NA,8.7,14.4,97,New Flavour Coating,0.9408623174954555,Medium
DOG-049,Dog,Beagle,47,37.9,C,B2024-006,2024-04-16,Dr. Okafor,NA,9.9,5.4,96.1,New Flavour Coating,2.175776771990046,Fast
CAT-022,Cat,British Shorthair,30,4.5,A,B2024-008,2024-03-07,Dr. Patel,NA,5.5,18.7,39.5,Control,-0.7915716294573876,Medium
CAT-184,Cat,Bengal,38,5.5,A,B2024-015,2024-04-21,Dr. Patel,NA,7.6,10.7,52.1,Control,-0.7027288629469853,Medium
DOG-243,Dog,Beagle,33,30.3,C,B2024-010,2024-05-01,Dr. Chen,NA,9.9,5.7,99.2,New Flavour Coating,1.5005717465109893,Fast
DOG-233,Dog,Golden Retriever,90,15.8,B,B2024-008,2024-01-25,Dr. Smith,NA,7.5,9.1,77.2,New Protein,0.21235163211015745,Fast
DOG-186,Dog,Labrador,85,17.4,B,B2024-003,2024-05-15,Dr. Patel,NA,7.6,19.8,78.7,New Protein,0.3545000585268008,Medium
CAT-195,Cat,Bengal,19,5.8,A,B2024-012,2024-12-01,Dr. Okafor,NA,7.2,8.1,69.8,Control,-0.6760760329938647,Fast
CAT-112,Cat,Siamese,99,NA,A,B2024-001,2024-03-26,Dr. Patel,NA,6.2,11.3,41.6,Control,NA,Medium
DOG-137,Dog,Beagle,34,16,B,B2024-003,2024-07-08,Dr. Smith,NA,7.5,13.5,59.8,New Protein,0.23012018541223783,Medium
CAT-007,Cat,Ragdoll,99,3.5,A,B2024-005,2024-11-24,Dr. Smith,NA,6.6,11.2,67.3,Control,-0.8804143959677897,Medium
CAT-036,Cat,Bengal,66,3.2,A,B2024-012,2024-10-15,Dr. Chen,NA,5.6,10.4,53.8,Control,-0.9070672259209105,Medium
DOG-025,Dog,Golden Retriever,8,20.6,B,B2024-006,2024-11-11,Dr. Okafor,NA,7.5,11,101.4,New Protein,0.6387969113600881,Medium
DOG-074,Dog,Labrador,115,28.6,C,B2024-010,2024-07-06,Dr. Patel,NA,6.6,16.3,92.7,New Flavour Coating,1.3495390434433057,Medium
CAT-106,Cat,Maine Coon,34,6.6,B,B2024-010,2024-11-17,Dr. Smith,NA,6.4,5.4,58.8,New Protein,-0.6050018197855429,Fast
CAT-181,Cat,Maine Coon,102,4.1,C,B2024-010,2024-02-27,Dr. Okafor,NA,7.6,12.4,61.3,New Flavour Coating,-0.8271087360615484,Medium
DOG-079,Dog,Labrador,75,5.6,A,B2024-010,2024-08-28,Dr. Chen,NA,5.6,17.6,55.5,Control,-0.6938445862959451,Medium
CAT-048,Cat,Ragdoll,83,6.6,A,B2024-015,2024-05-04,Dr. Okafor,NA,6.2,2,64.5,Control,-0.6050018197855429,Fast
CAT-228,Cat,Maine Coon,35,5.8,C,B2024-001,2024-02-23,Dr. Smith,Unusual hesitation before eating,8.7,9.5,74.1,New Flavour Coating,-0.6760760329938647,Fast
CAT-177,Cat,Ragdoll,8,6.8,B,B2024-002,2024-11-20,Dr. Okafor,NA,7.2,19.2,33.6,New Protein,-0.5872332664834624,Medium
CAT-039,Cat,Ragdoll,40,3.7,C,B2024-004,2024-03-20,Dr. Patel,NA,8.9,9.2,75.4,New Flavour Coating,-0.8626458426657093,Fast
DOG-225,Dog,German Shepherd,28,6.4,B,B2024-005,2024-12-14,Dr. Okafor,NA,4.4,18.9,56.4,New Protein,-0.6227703730876233,Medium
CAT-153,Cat,Bengal,104,5,B,B2024-007,2024-05-26,Dr. Okafor,NA,6.9,13.4,70.8,New Protein,-0.7471502462021864,Medium
DOG-152,Dog,Golden Retriever,62,14,C,B2024-004,2024-02-28,Dr. Smith,NA,8.3,10.8,99.6,New Flavour Coating,0.05243465239143343,Medium
DOG-054,Dog,Poodle,88,28.4,C,B2024-004,2024-01-28,Dr. Smith,NA,7.3,13.6,69.2,New Flavour Coating,1.331770490141225,Medium
DOG-034,Dog,German Shepherd,76,36,B,B2024-014,2024-08-26,Dr. Okafor,NA,7.5,3.8,99.4,New Protein,2.0069755156202818,Fast
CAT-137,Cat,British Shorthair,79,5.1,C,B2024-008,2024-05-14,Dr. Patel,NA,10,4.6,66.8,New Flavour Coating,-0.7382659695511462,Fast
DOG-196,Dog,German Shepherd,15,15.7,B,B2024-015,2024-12-02,Dr. Patel,NA,9,4.4,72.7,New Protein,0.20346735545911712,Fast
DOG-057,Dog,German Shepherd,99,18.1,B,B2024-005,2024-06-13,Dr. Smith,NA,10,8,91,New Protein,0.4166899950840826,Fast
CAT-185,Cat,Siamese,114,3.2,B,B2024-012,2024-08-31,Dr. Patel,NA,7.6,14.7,63.3,New Protein,-0.9070672259209105,Medium
CAT-028,Cat,Maine Coon,28,3.6,C,B2024-003,2024-08-29,Dr. Patel,Refused initial sample,8.1,4.5,75,New Flavour Coating,-0.8715301193167495,Fast
CAT-113,Cat,Ragdoll,28,6.1,C,B2024-005,2024-09-06,Dr. Smith,NA,7.4,9.9,63.1,New Flavour Coating,-0.6494232030407441,Fast
DOG-040,Dog,Golden Retriever,79,12.1,A,B2024-005,2024-12-13,Dr. Okafor,NA,6.8,13.4,97.4,Control,-0.11636660397833079,Medium
DOG-199,Dog,Poodle,12,7.4,A,B2024-006,2024-08-16,Dr. Patel,Pet showed strong preference immediately,7.1,18.4,86.7,Control,-0.533927606577221,Medium
CAT-055,Cat,British Shorthair,118,6.1,A,B2024-002,2024-12-28,Dr. Chen,NA,5.4,13.3,34.7,Control,-0.6494232030407441,Medium
DOG-132,Dog,Beagle,45,5.7,A,B2024-013,2024-12-16,Dr. Smith,NA,8.7,13.8,86.2,Control,-0.6849603096449048,Medium
CAT-176,Cat,Bengal,95,4.2,B,B2024-010,2024-02-21,Dr. Chen,NA,7.5,6.9,80,New Protein,-0.8182244594105083,Fast
CAT-104,Cat,Maine Coon,90,6.5,A,B2024-006,2024-02-17,Dr. Chen,NA,6.9,20.7,58.3,Control,-0.6138860964365831,Medium
CAT-140,Cat,Ragdoll,90,5.8,B,B2024-015,2024-07-09,Dr. Chen,NA,7.2,8.5,63.3,New Protein,-0.6760760329938647,Fast
CAT-212,Cat,Ragdoll,114,3.6,C,B2024-014,2024-06-18,Dr. Patel,Refused initial sample,8.2,2,68,New Flavour Coating,-0.8715301193167495,Fast
DOG-239,Dog,Poodle,7,5.6,B,B2024-005,2024-07-06,Dr. Smith,NA,8.5,2,100.2,New Protein,-0.6938445862959451,Fast
DOG-094,Dog,Beagle,74,22.3,B,B2024-014,2024-02-04,Dr. Okafor,NA,7.5,11.3,94.4,New Protein,0.7898296144277718,Medium
CAT-225,Cat,Bengal,61,4.1,C,B2024-009,2024-03-23,Dr. Smith,NA,7.3,13.8,75.8,New Flavour Coating,-0.8271087360615484,Medium
DOG-093,Dog,Poodle,36,22.7,C,B2024-007,2024-07-17,Dr. Smith,NA,8.1,2,91.3,New Flavour Coating,0.8253667210319325,Fast
DOG-004,Dog,Labrador,38,NA,A,B2024-002,2024-01-21,Dr. Smith,NA,7.4,10.1,72.8,Control,NA,Medium
CAT-109,Cat,Ragdoll,98,4.8,A,B2024-011,2024-05-07,Dr. Patel,NA,6,14.4,35.9,Control,-0.7649187995042668,Medium
DOG-006,Dog,German Shepherd,41,17.3,C,B2024-005,2024-01-01,Dr. Smith,NA,7.6,15.8,62.1,New Flavour Coating,0.34561578187576075,Medium
DOG-206,Dog,Poodle,98,39.9,C,B2024-009,2024-09-01,Dr. Chen,NA,9.4,7,101.8,New Flavour Coating,2.3534623050108503,Fast
DOG-023,Dog,Poodle,7,36.8,B,B2024-001,2024-06-18,Dr. Chen,NA,5.7,13.4,78.7,New Protein,2.0780497288286033,Medium
CAT-005,Cat,British Shorthair,49,3.7,A,B2024-001,2024-06-15,Dr. Smith,NA,5,15.1,49.9,Control,-0.8626458426657093,Medium
DOG-086,Dog,Beagle,94,17.8,A,B2024-008,2024-11-18,Dr. Smith,NA,4.9,19.8,65.5,Control,0.39003716513096187,Medium
CAT-102,Cat,Maine Coon,8,6.4,B,B2024-009,2024-02-23,Dr. Smith,NA,7.6,14.2,67.2,New Protein,-0.6227703730876233,Medium
DOG-235,Dog,Labrador,16,17.2,B,B2024-002,2024-10-19,Dr. Chen,NA,9.4,5.7,92.1,New Protein,0.33673150522472045,Fast
CAT-133,Cat,Bengal,27,3.4,B,B2024-004,2024-10-23,Dr. Okafor,NA,9.5,7.6,87.6,New Protein,-0.8892986726188299,Fast
DOG-170,Dog,Poodle,16,36.8,A,B2024-014,2024-05-06,Dr. Patel,NA,8.1,10.6,76.4,Control,2.0780497288286033,Medium
CAT-222,Cat,Ragdoll,68,4.4,A,B2024-010,2024-06-21,Dr. Smith,NA,6.9,11.2,74.8,Control,-0.8004559061084278,Medium
DOG-253,Dog,Poodle,107,33.2,C,B2024-007,2024-03-25,Dr. Patel,NA,7.1,14.8,81,New Flavour Coating,1.758215769391156,Medium
CAT-057,Cat,British Shorthair,18,4.8,C,B2024-011,NA,Dr. Patel,NA,7.7,12,61.8,New Flavour Coating,-0.7649187995042668,Medium
CAT-046,Cat,Maine Coon,11,NA,B,B2024-001,2024-05-05,Dr. Chen,NA,9.5,2,95.7,New Protein,NA,Fast
DOG-080,Dog,German Shepherd,113,35,A,B2024-001,2024-10-31,Dr. Okafor,NA,6.8,7.6,79,Control,1.9181327491098799,Fast
DOG-010,Dog,German Shepherd,27,10.3,C,B2024-002,2024-06-03,Dr. Patel,NA,8.5,11.7,86.1,New Flavour Coating,-0.2762835836970547,Medium
CAT-075,Cat,British Shorthair,54,NA,A,B2024-013,2024-08-22,Dr. Okafor,NA,3.8,20.5,31.1,Control,NA,Medium
CAT-117,Cat,Ragdoll,19,6.8,C,B2024-003,2024-06-22,Dr. Okafor,NA,8,15.1,75,New Flavour Coating,-0.5872332664834624,Medium
CAT-146,Cat,British Shorthair,40,5.5,C,B2024-009,2024-11-29,Dr. Okafor,NA,7.8,11.8,62.9,New Flavour Coating,-0.7027288629469853,Medium
CAT-009,Cat,Maine Coon,49,4.3,A,B2024-012,2024-08-26,Dr. Patel,NA,5.2,15.8,42.4,Control,-0.809340182759468,Medium
DOG-179,Dog,Poodle,105,32.8,B,B2024-002,2024-11-25,Dr. Okafor,NA,6.2,16.9,73.4,New Protein,1.7226786627869946,Medium
CAT-150,Cat,Bengal,92,3.4,A,B2024-002,2024-02-13,Dr. Patel,NA,4,23.2,52.1,Control,-0.8892986726188299,Medium
CAT-192,Cat,Ragdoll,25,6,C,B2024-003,2024-09-15,Dr. Patel,NA,7.8,3.3,82.3,New Flavour Coating,-0.6583074796917843,Fast
DOG-071,Dog,German Shepherd,66,27.3,C,B2024-003,2024-01-12,Dr. Chen,NA,6.5,14.7,63.6,New Flavour Coating,1.2340434469797827,Medium
CAT-226,Cat,Maine Coon,94,3.7,B,B2024-013,2024-07-30,Dr. Smith,NA,7,12.3,63.3,New Protein,-0.8626458426657093,Medium
CAT-084,Cat,British Shorthair,51,4.9,B,B2024-004,2024-12-23,Dr. Okafor,NA,8.7,13.4,58.9,New Protein,-0.7560345228532266,Medium
CAT-210,Cat,Maine Coon,51,NA,C,B2024-004,2024-02-18,Dr. Chen,NA,7.7,7.9,60.3,New Flavour Coating,NA,Fast
DOG-082,Dog,Golden Retriever,35,27.8,B,B2024-013,2024-07-07,Dr. Okafor,NA,7.4,9.8,86,New Protein,1.278464830234984,Fast
DOG-020,Dog,German Shepherd,18,17.9,B,B2024-013,2024-07-16,Dr. Chen,NA,9.9,4.3,92.3,New Protein,0.3989214417820019,Fast
CAT-116,Cat,Ragdoll,70,4.1,B,B2024-004,2024-11-19,Dr. Smith,NA,6.9,9.2,63.3,New Protein,-0.8271087360615484,Fast
DOG-214,Dog,German Shepherd,44,25.9,A,B2024-007,2024-05-08,Dr. Okafor,NA,8.7,4.4,95.2,Control,1.1096635738652196,Fast
DOG-172,Dog,Labrador,31,26.3,A,B2024-009,2024-03-05,Dr. Chen,NA,8.5,11.7,112.8,Control,1.1452006804693806,Medium
CAT-087,Cat,Ragdoll,102,6.5,C,B2024-012,2024-07-20,Dr. Okafor,Container seal was compromised,7.5,6.1,74.6,New Flavour Coating,-0.6138860964365831,Fast
DOG-262,Dog,Beagle,96,NA,C,B2024-005,2024-08-10,Dr. Chen,NA,9.1,3,80.2,New Flavour Coating,NA,Fast
CAT-208,Cat,British Shorthair,84,4.3,A,B2024-011,2024-03-15,Dr. Chen,NA,6.5,15,54.8,Control,-0.809340182759468,Medium
CAT-218,Cat,Ragdoll,115,5.1,A,B2024-010,2024-02-22,Dr. Chen,NA,7,13.4,71.2,Control,-0.7382659695511462,Medium
DOG-257,Dog,Labrador,92,10.1,B,B2024-003,2024-06-03,Dr. Smith,NA,6.1,10.2,54.8,New Protein,-0.2940521369991352,Medium
CAT-136,Cat,Bengal,65,5.4,C,B2024-014,2024-04-30,Dr. Patel,NA,7.8,11.4,66.8,New Flavour Coating,-0.7116131395980255,Medium
DOG-127,Dog,Labrador,100,28,B,B2024-009,2024-08-10,Dr. Chen,NA,7.1,16.2,76.3,New Protein,1.2962333835370643,Medium
DOG-213,Dog,Beagle,103,NA,A,B2024-015,2024-02-15,Dr. Patel,Technician noted unusual batch texture,9.7,2,95.4,Control,NA,Fast
CAT-090,Cat,Siamese,50,3.4,C,B2024-005,2024-11-14,Dr. Patel,NA,9.1,12.4,53.7,New Flavour Coating,-0.8892986726188299,Medium
DOG-001,Dog,Labrador,102,35.5,C,B2024-011,2024-05-05,Dr. Smith,NA,8.6,12.3,76.7,New Flavour Coating,1.9625541323650808,Medium
DOG-064,Dog,Labrador,79,29.8,B,B2024-001,2024-08-24,Dr. Chen,NA,7.5,8.3,63.2,New Protein,1.4561503632557884,Fast
DOG-198,Dog,Labrador,111,23,C,B2024-010,2024-10-05,Dr. Chen,NA,7.3,10.5,73.4,New Flavour Coating,0.8520195509850533,Medium
DOG-051,Dog,Golden Retriever,92,29.1,B,B2024-002,2024-03-31,Dr. Smith,NA,8.1,12.8,93.9,New Protein,1.3939604266985068,Medium
CAT-027,Cat,British Shorthair,104,6.3,A,B2024-004,2024-09-15,Dr. Okafor,NA,6.7,5.4,48.1,Control,-0.6316546497386636,Fast
CAT-062,Cat,Siamese,76,4.6,B,B2024-012,2024-06-04,Dr. Chen,NA,6.8,10.3,63,New Protein,-0.7826873528063474,Medium
CAT-100,Cat,Siamese,28,6.2,A,B2024-012,2024-03-31,Dr. Chen,NA,7.4,4.5,59.8,Control,-0.6405389263897038,Fast
DOG-255,Dog,Golden Retriever,100,36.3,A,B2024-012,2024-02-25,Dr. Smith,NA,6.8,8.4,69.1,Control,2.0336283455734026,Fast
DOG-169,Dog,Labrador,6,24.3,B,B2024-012,2024-08-09,Dr. Patel,NA,6.8,9,91.5,New Protein,0.9675151474485763,Fast
CAT-123,Cat,British Shorthair,97,6.1,B,B2024-012,2024-03-02,Dr. Okafor,NA,7.1,8.6,69.4,New Protein,-0.6494232030407441,Fast
DOG-099,Dog,Poodle,70,21.6,C,B2024-002,2024-08-05,Dr. Smith,NA,6,14.6,82.4,New Flavour Coating,0.7276396778704903,Medium
DOG-216,Dog,Golden Retriever,90,8.2,B,B2024-006,2024-02-18,Dr. Smith,NA,7.1,13.9,58.4,New Protein,-0.4628533933688994,Medium
DOG-077,Dog,Poodle,113,26.4,B,B2024-012,2024-04-21,Dr. Chen,NA,7,21.7,75,New Protein,1.1540849571204206,Medium
DOG-269,Dog,Beagle,108,7.6,C,B2024-009,2024-07-11,Dr. Okafor,NA,5.4,15.7,80.8,New Flavour Coating,-0.5161590532751407,Medium
CAT-024,Cat,Siamese,111,5.9,B,B2024-010,2024-08-02,Dr. Okafor,NA,7.4,4.7,63.3,New Protein,-0.6671917563428245,Fast
CAT-043,Cat,British Shorthair,34,6.4,A,B2024-012,2024-02-25,Dr. Okafor,NA,5.8,14.6,50.1,Control,-0.6227703730876233,Medium
CAT-168,Cat,Bengal,40,5.9,C,B2024-002,2024-06-30,Dr. Smith,NA,7.5,7,55.9,New Flavour Coating,-0.6671917563428245,Fast
CAT-067,Cat,Bengal,26,5.2,C,B2024-009,2024-10-03,Dr. Smith,NA,8.2,8.6,62.1,New Flavour Coating,-0.729381692900106,Fast
DOG-270,Dog,Golden Retriever,112,18.9,A,B2024-001,2024-06-24,Dr. Patel,NA,7.2,15,76.4,Control,0.48776420829240413,Medium
CAT-187,Cat,Siamese,108,5.6,B,B2024-009,2024-02-11,Dr. Smith,NA,7.2,11.9,64.6,New Protein,-0.6938445862959451,Medium
CAT-091,Cat,British Shorthair,31,3.9,A,B2024-013,2024-11-18,Dr. Patel,NA,3.5,23.9,35.3,Control,-0.8448772893636288,Medium
DOG-177,Dog,Beagle,116,6.6,C,B2024-015,2024-12-31,Dr. Okafor,NA,8,6.5,84.9,New Flavour Coating,-0.6050018197855429,Fast
CAT-130,Cat,Ragdoll,80,3.5,B,B2024-009,2024-12-14,Dr. Okafor,NA,8.4,13.8,64.8,New Protein,-0.8804143959677897,Medium
CAT-114,Cat,Bengal,60,3.5,B,B2024-008,2024-04-12,Dr. Patel,NA,7.4,6.9,63.3,New Protein,-0.8804143959677897,Fast
CAT-202,Cat,British Shorthair,116,3.6,B,B2024-013,2024-05-11,Dr. Patel,NA,7,7.2,36.7,New Protein,-0.8715301193167495,Fast
DOG-104,Dog,Golden Retriever,27,30.5,A,B2024-013,2024-03-08,Dr. Patel,NA,7.5,15.2,69.2,Control,1.5183402998130697,Medium
DOG-159,Dog,Beagle,20,15.5,B,B2024-014,2024-01-06,Dr. Smith,NA,8,7.4,80.2,New Protein,0.18569880215703674,Fast
CAT-151,Cat,Siamese,40,6.5,C,B2024-003,2024-01-02,Dr. Smith,NA,7.6,14.1,80.8,New Flavour Coating,-0.6138860964365831,Medium
DOG-140,Dog,German Shepherd,96,22.3,B,B2024-005,2024-10-30,Dr. Chen,NA,8.4,4.7,118.9,New Protein,0.7898296144277718,Fast
CAT-121,Cat,Ragdoll,50,NA,B,B2024-013,2024-02-25,Dr. Okafor,NA,4.4,19.5,31.8,New Protein,NA,Medium
DOG-197,Dog,Labrador,90,12,A,B2024-009,2024-06-29,Dr. Chen,NA,7.4,7.7,76.8,Control,-0.12525088062937098,Fast
DOG-136,Dog,Golden Retriever,75,NA,B,B2024-006,2024-11-09,Dr. Patel,NA,7.8,10,79.8,New Protein,NA,Fast
DOG-230,Dog,German Shepherd,50,21.4,A,B2024-003,2024-03-29,Dr. Smith,NA,4.7,23,45.3,Control,0.7098711245684096,Medium
CAT-158,Cat,Bengal,91,7,A,B2024-005,2024-10-24,Dr. Smith,NA,4.5,23.8,33.9,Control,-0.569464713181382,Medium
DOG-060,Dog,Labrador,50,18.3,C,B2024-011,2024-12-09,Dr. Patel,NA,7.8,6,56.8,New Flavour Coating,0.434458548386163,Fast
DOG-260,Dog,Beagle,65,17.9,C,B2024-008,2024-10-27,Dr. Patel,NA,6.8,7.2,63.1,New Flavour Coating,0.3989214417820019,Fast
CAT-045,Cat,Bengal,9,4.9,C,B2024-014,2024-05-11,Dr. Patel,NA,5.3,19.9,38.9,New Flavour Coating,-0.7560345228532266,Medium
CAT-183,Cat,British Shorthair,41,3.7,B,B2024-003,2024-01-03,Dr. Smith,NA,8,10.8,66.8,New Protein,-0.8626458426657093,Medium
DOG-098,Dog,Labrador,52,13.4,A,B2024-003,2024-03-01,Dr. Patel,NA,7.1,12.4,90.6,Control,-8.710075148078616e-4,Medium
DOG-008,Dog,Golden Retriever,101,5.1,A,B2024-007,2024-01-15,Dr. Chen,NA,7.8,11.3,81.1,Control,-0.7382659695511462,Medium
DOG-139,Dog,Labrador,73,9.3,C,B2024-003,2024-11-20,Dr. Okafor,NA,7.9,15.9,76.8,New Flavour Coating,-0.3651263502074569,Medium
CAT-072,Cat,British Shorthair,7,4.5,B,B2024-006,2024-11-25,Dr. Chen,NA,6.7,18.2,48.2,New Protein,-0.7915716294573876,Medium
CAT-108,Cat,Bengal,46,5.5,A,B2024-008,2024-12-09,Dr. Patel,NA,7.1,10.7,65.4,Control,-0.7027288629469853,Medium
CAT-074,Cat,Bengal,53,6.9,B,B2024-001,2024-01-01,Dr. Smith,NA,6,8.9,52.2,New Protein,-0.5783489898324222,Fast
DOG-258,Dog,Poodle,110,31.7,C,B2024-002,2024-10-09,Dr. Chen,NA,7.5,15.4,89.2,New Flavour Coating,1.6249516196255525,Medium
CAT-172,Cat,British Shorthair,94,3,B,B2024-015,2024-08-22,Dr. Okafor,NA,7.6,12.4,70.3,New Protein,-0.9248357792229909,Medium
DOG-033,Dog,German Shepherd,15,37.8,C,B2024-012,2024-05-22,Dr. Chen,NA,6.7,12.3,93.6,New Flavour Coating,2.1668924953390056,Medium
DOG-055,Dog,Labrador,51,28.2,A,B2024-005,2024-07-21,Dr. Smith,NA,7.6,15.7,67.8,Control,1.3140019368391447,Medium
DOG-229,Dog,Beagle,65,32.3,C,B2024-007,2024-10-17,Dr. Okafor,NA,8.6,4,73.2,New Flavour Coating,1.6782572795317936,Fast
CAT-019,Cat,British Shorthair,27,5.6,A,B2024-010,2024-08-22,Dr. Smith,NA,5.6,11.8,55.8,Control,-0.6938445862959451,Medium
CAT-118,Cat,Siamese,70,4.8,A,B2024-004,2024-12-14,Dr. Okafor,NA,7.2,6.2,52.1,Control,-0.7649187995042668,Fast
DOG-063,Dog,German Shepherd,120,10.3,C,B2024-014,2024-01-28,Dr. Patel,NA,7.4,9.2,79.1,New Flavour Coating,-0.2762835836970547,Fast
DOG-237,Dog,Beagle,50,29.6,A,B2024-010,2024-02-14,Dr. Okafor,NA,6,15.2,90.5,Control,1.438381809953708,Medium
DOG-205,Dog,Poodle,29,31,A,B2024-008,2024-09-11,Dr. Chen,NA,5.3,14.1,69.1,Control,1.562761683068271,Medium
CAT-050,Cat,Maine Coon,39,4.6,C,B2024-007,2024-05-18,Dr. Smith,NA,9.4,4.7,89.4,New Flavour Coating,-0.7826873528063474,Fast
DOG-158,Dog,Beagle,33,NA,B,B2024-008,2024-11-21,Dr. Chen,NA,6.5,19.4,68.6,New Protein,NA,Medium
CAT-167,Cat,Siamese,103,5.2,B,B2024-012,2024-03-01,Dr. Chen,NA,10,13.3,79.3,New Protein,-0.729381692900106,Medium
CAT-205,Cat,British Shorthair,77,6.9,C,B2024-001,2024-02-18,Dr. Patel,NA,8.5,10.4,84.7,New Flavour Coating,-0.5783489898324222,Medium
DOG-134,Dog,Golden Retriever,58,23,C,B2024-012,2024-03-05,Dr. Okafor,NA,6.8,15.7,71.5,New Flavour Coating,0.8520195509850533,Medium
DOG-175,Dog,German Shepherd,84,9.1,B,B2024-012,2024-11-23,Dr. Chen,NA,6.8,5.6,67.7,New Protein,-0.3828949035095374,Fast
DOG-221,Dog,Poodle,102,38.2,C,B2024-011,NA,Dr. Smith,NA,7.3,9.9,95.3,New Flavour Coating,2.2024296019431673,Fast
CAT-173,Cat,Siamese,84,6.2,C,B2024-015,2024-04-10,Dr. Chen,NA,7.9,8.2,60.4,New Flavour Coating,-0.6405389263897038,Fast
DOG-192,Dog,German Shepherd,101,17.8,A,B2024-005,2024-09-19,Dr. Chen,NA,6.3,23.1,79.4,Control,0.39003716513096187,Medium
CAT-042,Cat,Maine Coon,34,3.2,B,B2024-014,2024-08-19,Dr. Chen,NA,7.3,19.5,54.7,New Protein,-0.9070672259209105,Medium
DOG-107,Dog,Beagle,9,6,C,B2024-012,2024-08-14,Dr. Patel,NA,8,8.4,66.9,New Flavour Coating,-0.6583074796917843,Fast
CAT-207,Cat,Bengal,42,6.8,B,B2024-007,2024-02-12,Dr. Smith,NA,7,12.4,44.9,New Protein,-0.5872332664834624,Medium
DOG-165,Dog,Labrador,15,27.9,C,B2024-008,2024-11-09,Dr. Okafor,NA,10,2.9,90.9,New Flavour Coating,1.2873491068860239,Fast
DOG-223,Dog,Beagle,11,37.8,A,B2024-005,2024-07-16,Dr. Chen,NA,6.3,18.4,76.6,Control,2.1668924953390056,Medium
